RSS_source,RSS_link
Science,http://advances.sciencemag.org/rss/current.xml
Regulatory Focus,https://www.raps.org/news-and-articles?rss=Regulatory-Focus
BioWorld,http://bioworld.blogs.bioworld.com/feed/
Fierce Vaccines,http://www.fiercevaccines.com/news/frontpage/feed
BioPharma-Reporter,http://www.biopharma-reporter.com/feed/view/781372
Fierce Biomarkers,http://www.fiercebiomarkers.com/feed
Biosimilar News,http://feeds2.feedburner.com/BiosimilarNews
CA Institute for Regenerative Medicine,http://www.cirm.ca.gov/path/published/pressrelease/feed
GaBI Online,http://www.gabionline.net/rss/feed/general
in-PharmaTechnologist,http://www.in-pharmatechnologist.com/feed/view/213200
BioPharm International - Quality,http://biopharminternational.findpharma.com/biopharm/biopharm.rss?id=40467
BioPharma Today,http://www.biopharmatoday.com/atom.xml
International Pharmaceutical Quality,http://www.ipqpubs.com/feed/
PharmaPhorum,http://www.pharmaphorum.com/news?format=feed&type=rss
Pharmafile,http://www.pharmafile.com/rssfeed
Drug Discovery & Development,http://www.dddmag.com/rss-feeds/news_new/rss.xml/news_featured_content+news_the_lead
The IN VIVO Blog,http://invivoblog.blogspot.com/feeds/posts/default
Medical News Today - Pharma,http://www.medicalnewstoday.com/rss/pharma_industry.xml
The Street,http://feeds.thestreet.com/tsc/feeds/rss/headlines-and-perspectives/biotech
PharmaTimes,http://www.pharmatimes.com/worldnews.rss.ashx
SecuringPharma,http://www.securingpharma.com/17/?cmd=Search&iuapHandle=SecuringPharma.com%20Latest%20Stories
BioPharma Dive,http://www.biopharmadive.com/feeds/news/
PharmaAfrica,http://www.pharmaafrica.com/feed/
PharmTech,http://pharmtech.findpharma.com/pharmtech/pharmtech.rss?id=35097
Safe Patient Project,http://safepatientproject.org/feed
Pharmaceutical Compliance Monitor,http://www.pharmacompliancemonitor.com/feed/
Outsourcing-Pharma,http://www.outsourcing-pharma.com/feed/view/213220
Fierce Pharma,http://www.fiercepharma.com/feed
PharmTech Talk,http://blog.pharmtech.com/feed/
Fierce Pharma Manufacturing,http://www.fiercepharmamanufacturing.com/news/frontpage/feed
Pharmaceutical Commerce,http://www.pharmaceuticalcommerce.com/rss/rss.php?idSeccion=55
Pharmafile,http://www.pharmafile.com/channel/all/feed
Fierce Animal Health,http://www.fierceanimalhealth.com/feed
PM Live,http://www.pmlive.com/rss/news
Pharmaceutical Commerce,http://www.pharmaceuticalcommerce.com/rss/rss.php?idSeccion=59
Financial Times,http://www.ft.com/rss/companies/pharmaceuticals
PharmaBiz,http://pharmabiz.com/Includes/xmlInclude/TopNewsrss.xml
RxTrace,http://www.rxtrace.com/feed
Pharmaceutical Executive,http://www.pharmexec.com/pharmexec/pharmexec.rss
Pharmaceutical Manufacturing,http://www.pharmamanufacturing.com/?mode=rss
PharmaPhorum,http://www.pharmaphorum.com/articles?format=feed&type=rss
NYTimes -Pharmaceuticals,http://topics.nytimes.com/top/news/health/diseasesconditionsandhealthtopics/drugspharmaceuticals/?rss=1
PharmExec,http://blog.pharmexec.com/feed/
PhillyPharma,http://www.philly.com/phillypharma.rss
The Pink Sheet Daily,http://feeds.feedburner.com/ThePinkSheetDaily
The Pink Sheet,http://feeds.feedburner.com/ThePinkSheet
PharmaNews.eu,http://www.pharmanews.eu/index.php?format=feed&type=rss
The Guardian - Pharma,http://www.guardian.co.uk/business/pharmaceuticals-industry/rss
PharmaTimes - UK,http://www.pharmatimes.com/uknews.rss.ashx
Fierce Pharma Marketing,http://www.fiercepharmamarketing.com/feed
BioPharm International,http://biopharminternational.findpharma.com/biopharm/biopharm.rss?id=435
Pharmaceutical Commerce,http://www.pharmaceuticalcommerce.com/rss/rss.php?idSeccion=57
Pharmalot,http://blogs.wsj.com/pharmalot/feed/
Postscript,http://postscript.communitycatalyst.org/?feed=rss2
Drug Channels,http://www.drugchannels.net/feeds/posts/default
Scripintelligence,http://www.scripintelligence.com/home/?service=rss
Raj Pharma,http://www.rajpharma.com/home/?service=rss
thepharmaletter.com,http://www.thepharmaletter.com/media/www/rss/news_from_the_web_rss.xml
The Gold Sheet,http://feeds.feedburner.com/TheGoldSheet?format=xml
Pharmaceutical Approvals Monthly,http://feeds.feedburner.com/PharmaceuticalApprovalsMonthly?format=xml
BioCentury on BioBusiness,http://www.biocentury.com/rss/biotech-pharma-news
The RPM Report,http://feeds.feedburner.com/TheRpmReport
Orange Book Blog,http://www.orangebookblog.com/atom.xml
US Department of Justice,http://www.justice.gov/rss.opa.hp.xml
"Kleinfeld, Kaplan & Becker",http://www.kkblaw.com/?feed=rss2&option=com_wordpress&Itemid=5
Washington Legal Foundation,http://wlflegalpulse.com/feed/
Life Sciences Law Blog,http://feeds.lexblog.com/lifescienceslawblog-sm
SCOTUSblog,http://www.scotusblog.com/feed/
Federal Regulations Advisor,http://feeds.lexblog.com/FederalRegulationsAdvisor
medicaldeviceslegal,http://medicaldeviceslegal.com/feed/
Drug Injury Watch,http://www.drug-injury.com/druginjurycom/atom.xml
FDA Lawyers Blog,http://www.fdalawyersblog.com/atom.xml
FDA Law Blog,http://feeds.feedburner.com/FdaLawBlog
FDA Life,http://www.fdalife.com/feed/
King & Spalding Publications,http://www.kslaw.com/rss/publications
Patent Docs,http://www.patentdocs.org/atom.xml
Drug and Device Law,http://druganddevicelaw.blogspot.com/feeds/posts/default
Global Regulatory Enforcement La...,http://www.globalregulatoryenforcementlawblog.com/index.xml
Eye on FDA,http://www.eyeonfda.com/feed
All Trials,http://www.alltrials.net/feed/
IEEE Spectrum,http://feeds.feedburner.com/IeeeSpectrumBiomedical
EuroScan,http://euroscan.org.uk/rss/general/
Coalition for Healthcare Communication,http://www.cohealthcom.org/feed/
Medical News Today,http://www.medicalnewstoday.com/rss/clinicaltrials.xml
USP - Quality Matters,http://qualitymatters.usp.org/rss.xml
BioCentury - The Daily Extra,http://www.biocentury.com/rss/dailynews
European Compliance Academy,http://www.gmp-compliance.org/eca_newsfeed.xml
Health Industry Washington Watch,http://www.healthindustrywashingtonwatch.com/index.xml
First Patient In,http://cahgclinicaltrials.blogspot.com/feeds/posts/default
Alliance for a Stronger FDA,http://strengthenfda.org/feed/
MedCity News,http://www.medcitynews.com/feed/
Exalon - eCTD News,http://www.exalon.com/index.php?id=98&type=100
FDA Matters,http://www.fdamatters.com/?feed=rss2
Stericycle Recall News,http://www.expertrecall.com/feed/
Medical News Today,http://www.medicalnewstoday.com/rss/regulatoryaffairs.xml
RTT - Biotech,http://www.rttnews.com/rss/Biotech.xml
Biospectrum Asia,http://www.biospectrumasia.com/feeds/rss/type/news
FDAzilla,http://blog.fdazilla.com/feed/
Roll Call - Health Care,http://www.rollcall.com/policy/health_care/?zkDo=showRSS
Law360 - Life Sciences,http://www.law360.com/lifesciences/rss
Modern Healthcare Breaking News,http://www.modernhealthcare.com/apps/pbcs.dll/section?category=rss01&mime=xml
Federal Trade Commission,http://www.ftc.gov/rss/text/prall.xml
FDA - Drugs,http://www.fda.gov/AboutFDA/ContactFDA/StayInformed/RSSFeeds/Drugs/rss.xml
Patient-Centered Outcomes Research Institute,http://www.pcori.org/feed/
FDA - Health Fraud,http://www.fda.gov/AboutFDA/ContactFDA/StayInformed/RSSFeeds/HealthFraud/rss.xml
FDA Food Safety RSS Feed,http://www.fda.gov/AboutFDA/ContactFDA/StayInformed/RSSFeeds/FoodSafety/rss.xml
International Standards Organization,http://www.iso.org/iso/rss_news.xml
Government Accountability Office,http://www.gao.gov/rss/reports.xml
WHO Director-General,http://www.who.int/feeds/entity/dg/speeches/en/rss.xml
Pan American Health Organization,http://new.paho.org/hq/index.php?option=com_rss&feed=RSS2.0&no_html=1
Department of Justice,http://www.justice.gov/rss/rss.opa.hp.xml
EDQM,http://www.edqm.eu/en/fluxRSS1563.xml
Federal Register - ICE,https://www.federalregister.gov/agencies/u-s-immigration-and-customs-enforcement.rss
Health Canada,http://www.hc-sc.gc.ca/rss/dhp-mps/new-neuf-eng.xml
EMA - Electronic Application Forms,http://esubmission.ema.europa.eu/eaf/eAF-RSS-feed.xml
EMA - Regulatory and procedural guidelines,http://www.ema.europa.eu/ema/pages/rss/reg_and_proc_guidelines.xml
Health Canada - Compliance and Enforcement,http://www.hc-sc.gc.ca/rss/dhp-mps/compli-conform-eng.xml
US Patent and Trademark Office,http://www.uspto.gov/blog/director/feed/entries/atom
FDA - Medical Device Recalls,http://www.accessdata.fda.gov/scripts/cdrh/cfdocs/cfRES/res-rss.cfm
OECD - Health,"http://www.oecd.org/RSS_channel/0,3045,en_2649_37407_1_1_1_1_37407,00.xml"
FDA - Cosmetics,http://www.fda.gov/AboutFDA/ContactFDA/StayInformed/RSSFeeds/Cosmetics/rss.xml
FDA - Voice Blog,http://blogs.fda.gov/fdavoice/?feed=rss2
FDA - Drug Shortages,http://www.fda.gov/downloads/Drugs/DrugSafety/DrugShortages/UCM163172.xml
House Medical Technology Caucus,http://mtc.paulsen.house.gov/common/rss/index.cfm?rss=12
ICH - Common Technical Document,http://www.ich.org/rssfeeds/ctd.xml
FDA - Flickr,https://www.flickr.com/services/feeds/photos_public.gne?id=39736050@N02&lang=en-us&format=rss_200
WHO - Governance,http://apps.who.int/gb/FluxRSS.xml
FDA - Enforcement Report,http://www.fda.gov/AboutFDA/ContactFDA/StayInformed/RSSFeeds/EnforcementReports/rss.xml
Federal Register - CMS,https://www.federalregister.gov/agencies/centers-for-medicare-medicaid-services.rss
Federal Register - CDC,https://www.federalregister.gov/agencies/centers-for-disease-control-and-prevention.rss
MedWatch Safety Alert RSS Feed,http://www.fda.gov/medwatch/rssMedWatch.xml
FDA Consumer Health Information Updates,http://www.fda.gov/AboutFDA/ContactFDA/StayInformed/RSSFeeds/Consumers/rss.xml
ISO - 13485:2003,http://www.iso.org/iso/rss.xml?csnumber=54724&rss=detail
FDA - CDRH,http://www.accessdata.fda.gov/scripts/cdrh/cfdocs/cfTopic/cdrhnew-rss.cfm
Senate HELP Committee,http://help.senate.gov/rss/feed/all_press/
ICH - Guidelines,http://www.ich.org/rssfeeds/guidelines.xml
Office of the Inspector General,http://oig.hhs.gov/rss/WhatsNew.xml
EMA - Fees,http://www.ema.europa.eu/ema/pages/rss/rss_feed_000006.xml
International Electrotechnical Commission,http://mailinglist.iec.ch/mailinglist/etech.nsf/RSSFeed.rss
EDQM,http://www.edqm.eu/en/RSSfeed.php?idTheme=2072
Senate HELP Committee - Hearings,http://help.senate.gov/rss/feed/hearings/
NC3Rs,http://www.nc3rs.org.uk/rss/nc3rs-feed.xml
Customs and Border Protection,http://www.cbp.gov/xp/cgov/admin/rss/?rssUrl=/newsroom/news_releases/national/
Federal Register - US Trade Representative,https://www.federalregister.gov/agencies/trade-representative-office-of-united-states.rss
FDA - Patient Safety News,http://www.accessdata.fda.gov/scripts/cdrh/cfdocs/psn/podcast.cfm
EMA - Patient Safety,http://www.ema.europa.eu/ema/pages/rss/news.xml
"FDA - Vaccines, Blood & Biologics",http://www.fda.gov/AboutFDA/ContactFDA/StayInformed/RSSFeeds/Biologics/rss.xml
Asian Harmonization Working Party,http://www.ahwp.info/index.php?q=rss.xml
FDA - Voice Blog,https://blogs.fda.gov/fdavoice/?feed=rss
EMA - Scientific Guidelines,http://www.ema.europa.eu/ema/pages/rss/sci_guidelines.xml
FDA - USAJOBS,https://www.usajobs.gov/JobSearch/Search/RSSFeed/3313844
FDA - OIRA Reading Room,http://www.fda.gov/AboutFDA/ContactFDA/StayInformed/RSSFeeds/ORAFOIAElectronicReadingRoomRSSFeed/rss.xml
EMA - Meetings and Events,http://www.ema.europa.eu/ema/pages/rss/emea_events.xml
CDC - Press Releases,http://www2c.cdc.gov/podcasts/feed.asp?feedid=183
FDA - Mini-Sentinel,http://mini-sentinel.org/rss.xml
OMB - Memoranda,http://www.whitehouse.gov/sites/default/files/omb/rss/ombmemos.xml
Health Canada - Drugs,http://www.hc-sc.gc.ca/rss/dhp-mps/prod-eng.xml
EC - Publich Health,http://ec.europa.eu/health/rss/latest_updates/latest_updates_en.rss
FDA - Drug Info Rounds,http://www.fda.gov/downloads/Drugs/ResourcesForYou/HealthProfessionals/UCM220293.xml
FDA - Basics,http://www.fda.gov/AboutFDA/ContactFDA/StayInformed/RSSFeeds/Basics/rss.xml
Federal Register - FDA,https://www.federalregister.gov/agencies/food-and-drug-administration.rss
EMA - Inspections,http://www.ema.europa.eu/ema/pages/rss/rss_feed_000005.xml
Federal Register - Veterans Affairs,https://www.federalregister.gov/agencies/veterans-affairs-department.rss
Federal Register - NIH,https://www.federalregister.gov/agencies/national-institutes-of-health.rss
Therapeutic Goods Administration,http://www.tga.gov.au/xml/rss-tga-news-latest.xml
FDA - Animal & Veterinary,http://www.fda.gov/AboutFDA/ContactFDA/StayInformed/RSSFeeds/AnimalVeterinary/rss.xml
International Conference on Harmonisation,http://www.ich.org/rssfeeds/pressreleases.xml
Federal Register - FCC,https://www.federalregister.gov/agencies/federal-communications-commission.rss
FDA - Tainted Supplements,http://www.fda.gov/AboutFDA/ContactFDA/StayInformed/RSSFeeds/TDS/rss.xml
FDA - Recalls & Safety Alerts,http://www.fda.gov/AboutFDA/ContactFDA/StayInformed/RSSFeeds/Recalls/rss.xml
APEC,http://www.apec.org/RssFeed/RSS.aspx
FDA - Food Allergies,http://www.fda.gov/AboutFDA/ContactFDA/StayInformed/RSSFeeds/FoodAllergies/rss.xml
FDA - Pet Health,http://www.fda.gov/AboutFDA/ContactFDA/StayInformed/RSSFeeds/PetHealth/rss.xml
European Parliament - ENVI,http://www.europarl.europa.eu/rss/committee/envi/en.xml
UK Department of Health,http://mediacentre.dh.gov.uk/feed/
House Childhood Cancer Caucus,http://childhoodcancer-mccaul.house.gov/rss.xml
NIH - Press,http://www.nih.gov/news/feed.xml
FDA - Press,http://www.fda.gov/AboutFDA/ContactFDA/StayInformed/RSSFeeds/PressReleases/rss.xml
ICH - MedDRA,http://www.ich.org/rssfeeds/meddra.xml
Office of Research Integrity,http://ori.hhs.gov/feed.xml
Presidential Commission on Bioethics,http://bioethics.gov/cms/feeds/news.xml
EU NET HTA,http://www.eunethta.eu/news/rss.xml
Federal Register - HHS,https://www.federalregister.gov/agencies/health-and-human-services-department.rss
Procurement at the European Medicines Agency,http://www.ema.europa.eu/ema/pages/rss/rss_feed_000011.xml
FDA - Food,http://www.fda.gov/AboutFDA/ContactFDA/StayInformed/RSSFeeds/Food/rss.xml
Office of Management and Budget,http://www.whitehouse.gov/sites/default/files/omb/rss/ombnews.xml
Federal Register - FDA,http://www.federalregister.gov/agencies/food-and-drug-administration.rss
Drugwonks,http://drugwonks.com/index.rss
TraceLink,http://tracelink.com/RSSRetrieve.aspx?ID=7687&Type=RSS20
Placebo Control,http://www.placebocontrol.com/feeds/posts/default
RAPS Regulatory Exchange,http://connect.raps.org/RAPS/MyProfile/RSSGenerator/?UserKey=f17620fc-3340-4577-9d45-f1abc1eb5f0f
Ask Cato,http://feeds.feedburner.com/AskCato
Life Sci VC,http://feeds.feedburner.com/LifeSciVC
The Next Element,http://thenextelement.wordpress.com/feed/
RegBlog,http://www.law.upenn.edu/blogs/regblog/index.xml
Biotech Due Diligence,http://www.biotechduediligence.com/1/feed
PharmaGossip,http://pharmagossip.blogspot.com/feeds/posts/default
Porzio Pharmaspective,http://feeds.feedburner.com/PorzioPharmaspective
BioClinica,http://www.bioclinica.com/blog/feed
Compliance Perspectives,http://polarisconsultants.blogspot.com/feeds/posts/default?alt=rss
The Elsmar Cove,http://elsmar.com/Forums/external.php?type=rss2
Drug Kennel,http://blog.camargopharma.com/index.php/feed/
Regulatory Intelligence,http://feeds.feedblitz.com/regulatoryintelligence&x=1
Geeks Talk Clinical,http://blog.mdsol.com/feed/
Context Matters,http://www.contextmattersinc.com/feed/
Searching for Safety,http://www.searchingforsafety.net/1/feed
Medical Progress Today,http://www.medicalprogresstoday.com/atom.xml
Hooked,http://brodyhooked.blogspot.com/feeds/posts/default
In the Pipeline,http://pipeline.corante.com/index.xml
Lilly COI,http://portal.lillycoi.com/feed/
An Ounce of Evidence,http://blogs.sph.harvard.edu/ashish-jha/feed/
Molecules to Medicine,http://rss.sciam.com/molecules-to-medicine/feed
The Medicine Show,http://blogs.forbes.com/matthewherper/feed/
Reuters Life Sciences Connect,http://lsconnect.thomsonreuters.com/feed/
Burrill Report,http://www.burrillreport.com/rss/news_feed.xml
Xconomy,http://feeds.feedburner.com/Xconomy_Full
Protomag,http://protomag.com/feed
BioFlash,http://assets.bizjournals.com/rss/flex_feed/blog_post/boston/blog/bioflash
Chicago Business - Healthcare,http://www.chicagobusiness.com/section/healthcare&template=rss
IBJ - Health Care,http://www.ibj.com/rss/feed?rssId=17
Pew Health,http://www.pewhealth.org/get-involved/rss/reports-analysis
Forbes - Healthcare,http://www.forbes.com/healthcare/index.xml
Health Affairs,http://healthaffairs.org/blog/index.php?feed=rss2
California Healthline,http://feeds.feedburner.com/CaliforniaHealthline
Politico Pulse,http://feeds.politico.com/politico/rss/politicopulse
Harvard Bill of Health,http://blogs.law.harvard.edu/billofhealth/feed/
BIO,http://www.biotech-now.org/feed
EFPIA,http://www.efpia.eu/rss
European Fine Chemicals Group,http://www.efcg.cefic.org/xml/latest/feed.xml
MITA,http://www.medicalimaging.org/blog/feed/
National Clinical Trial Network,http://nctrialnetwork.org/?feed=rss2
PhRMA Catalyst,http://phrma.org/rss-feed.xml
NCPA,http://www.ncpanet.org/index.php/newsroom/news-releases/?format=feed&type=rss
PhRMA,http://www.phrma.org/rss-feed.xml
ACRO,http://www.acrohealth.org/newsfeed.html
MDMA,http://www.medicaldevices.org/rss.xml
ACRO,http://www.acrohealth.org/feed/
Patently BIOtech,http://patentlybiotech.wordpress.com/feed/
Policy and Medicine,http://feeds.feedburner.com/policymed?format=xml
Beaker's Blog,http://www.beaker.com/blog/index.php/feed/
Campaign for Modern Medicines,http://modernmedicines.com/atom.xml
LillyPad,http://lillypad.lilly.com/feed
Economic Times of India,http://economictimes.indiatimes.com/rssfeeds/13358050.cms
MedPage Today - FDA General,http://www.medpagetoday.com/medical-news-rss-feeds/FDAGeneral-Specific.xml
Reuters - Health News,http://feeds.reuters.com/reuters/healthNews
Boston Herald,http://feeds.feedburner.com/bostonherald/business/healthcare/
EurActiv,http://www.euractiv.com/rss/health
NPR - Health,http://www.npr.org/rss/rss.php?id=1128
Health Leaders Media,http://www.healthleadersmedia.com/rss/WS_HLM2_QUA_TS.xml
mobihealthnews,http://mobihealthnews.com/feed/
Washington Post - Health Science,http://www.washingtonpost.com/rss/national/health-science
NYTimes - Health Care Reform,http://topics.nytimes.com/top/news/health/diseasesconditionsandhealthtopics/health_insurance_and_managed_care/health_care_reform/?rss=1
NBC News,http://www.nbcnews.com/id/3088327/device/rss/rss.xml
GovHealthIT,http://www.govhealthit.com/rss/news
OnMedica,http://www.onmedica.com/rssFeed.aspx?content=News
MedPageToday,http://www.medpagetoday.com/rss/Blogs.xml
Health IT News,http://www.fiercehealthit.com/feed
Cardiovascular Business News,http://www.cardiovascularbusiness.com/rss.xml
Wall Street Journal - Health,http://online.wsj.com/xml/rss/3_7089.xml
World Health Organization,http://www.who.int/feeds/entity/mediacentre/news/en/rss.xml
LA Times - Health,http://www.latimes.com/health/boostershots/rss2.0.xml
Healthcare Economist,http://healthcare-economist.com/feed/
New England Journal of Medicine - EMA,http://search.nejm.org/search?cnt=20&w=EMA&restrict=doctype%3Aarticle&srt=0&isort=date&ts=rss
New England Journal of Medicine - FDA,http://search.nejm.org/search?cnt=20&w=FDA&restrict=doctype%3Aarticle&srt=0&isort=date&ts=rss
New England Center for Investigative Reporting,http://necir-bu.org/feed/
Fierce Health Payer,http://www.fiercehealthpayer.com/news/feed
NYTimes - Well,http://well.blogs.nytimes.com/feed/
ProPublica,http://feeds.propublica.org/propublica/main
IRIN - Health,http://www.irinnews.org/RSS/Health_&_Nutrition.xml
CardioBrief,http://cardiobrief.org/feed/
MedPage Today - Public Health & Policy,http://www.medpagetoday.com/rss/PublicHealthPolicy.xml
MedPage Today - Washington Watch,http://www.medpagetoday.com/rss/Washington-Watch.xml
Milwaukee Journal-Sentinel,http://www.jsonline.com/rss/?c=y&path=/features/health
MIT Technology Review,http://www.technologyreview.com/biomedicine/rss/
Marketwatch,http://blogs.marketwatch.com/health-exchange/feed/
PJ Online,http://feeds.pjonline.com/pjonline/news
NYTimes - Health,http://www.nytimes.com/services/xml/rss/nyt/Health.xml
BioSpace,http://rss.biospace.com/newsstory.rss
Pharmaceutical Processing News,http://www.pharmpro.com/rss-feeds/news_new/rss.xml/news_featured_content%2Bnews_the_lead
Chemical & Engineering News,http://feeds.feedburner.com/cen_latestnews
JAMA,http://newsatjama.jama.com/feed/
Bad Science,http://www.badscience.net/feed/
Science-Based Medicine,http://www.sciencebasedmedicine.org/?feed=rss2
Scientific American,http://rss.sciam.com/ScientificAmerican-Global
CEA Registry,https://research.tufts-nemc.org/cear4/Resources/CEARegistryBlog/tabid/69/rssid/4/Default.aspx
Brookings,http://webfeeds.brookings.edu/brookingsrss/centers/health?format=xml
American Enterprise Institute,http://aei.org/rss/6
Pew Health,http://feeds.feedburner.com/pewtrusts/TopicsHealth
CDDEP,http://feeds.feedburner.com/CddepBlog
Brookings - Health,http://webfeeds.brookings.edu/brookingsrss/topics/health?format=xml
Hastings Center,http://www.thehastingscenter.org/WorkArea/blogs/blogrss.aspx?blog=140
Pew Trust,http://www.pewtrusts.org/rss_feed.aspx?category=ourwork&id=184
Takeda US,http://www.pewtrusts.org/rss_feed.aspx?category=ourwork&id=184
Novo Nordisk A/S,http://www.pewtrusts.org/rss_feed.aspx?category=ourwork&id=185
AstraZeneca,http://www.pewtrusts.org/rss_feed.aspx?category=ourwork&id=186
Eisai,http://www.pewtrusts.org/rss_feed.aspx?category=ourwork&id=187
Merck,http://www.pewtrusts.org/rss_feed.aspx?category=ourwork&id=188
Otsuka Pharmaceutical Co.,http://www.pewtrusts.org/rss_feed.aspx?category=ourwork&id=189
Eli Lilly and Company,http://www.pewtrusts.org/rss_feed.aspx?category=ourwork&id=190
GlaxoSmithKline,http://www.pewtrusts.org/rss_feed.aspx?category=ourwork&id=191
Sanofi,http://www.pewtrusts.org/rss_feed.aspx?category=ourwork&id=192
Boehringer Ingelheim,http://www.pewtrusts.org/rss_feed.aspx?category=ourwork&id=193
Novartis,http://www.pewtrusts.org/rss_feed.aspx?category=ourwork&id=194
Bayer,http://www.pewtrusts.org/rss_feed.aspx?category=ourwork&id=195
Pfizer_corporate_RSS,https://www.pfizer.com/newsfeed
Johnson & Johnson,http://www.pewtrusts.org/rss_feed.aspx?category=ourwork&id=197
Bristol-Myers Squibb,http://www.pewtrusts.org/rss_feed.aspx?category=ourwork&id=198
Abbott,http://www.pewtrusts.org/rss_feed.aspx?category=ourwork&id=199
Astellas,http://www.pewtrusts.org/rss_feed.aspx?category=ourwork&id=200
Drugs_headline_news,https://www.drugs.com/feeds/headline_news.xml
Drugs_FDA_news,https://www.drugs.com/feeds/fda_alerts.xml
Drugs_new_drugs_news,https://www.drugs.com/feeds/new_drug_approvals.xml
Drugs_drug_apps,https://www.drugs.com/feeds/new_drug_applications.xml
Drugs_clinical_trials,https://www.drugs.com/feeds/clinical_trials.xml
GlobalNewswire_healthcare,https://www.globenewswire.com/RssFeed/industry/4000-Health%20Care/feedTitle/GlobeNewswire%20-%20Industry%20News%20on%20Health%20Care
GlobalNewswire_Biotechnology,https://www.globenewswire.com/RssFeed/industry/4573-Biotechnology/feedTitle/GlobeNewswire%20-%20Industry%20News%20on%20Biotechnology
GlobalNewswire_healthcare_providers,https://www.globenewswire.com/RssFeed/industry/4533-Health%20Care%20Providers/feedTitle/GlobeNewswire%20-%20Industry%20News%20on%20Health%20Care%20Providers
GlobalNewsire_med_equipment,https://www.globenewswire.com/RssFeed/industry/4535-Medical%20Equipment/feedTitle/GlobeNewswire%20-%20Industry%20News%20on%20Medical%20Equipment
GlobalNewswire_med_supplies,https://www.globenewswire.com/RssFeed/industry/4537-Medical%20Supplies/feedTitle/GlobeNewswire%20-%20Industry%20News%20on%20Medical%20Supplies
GlobalNewswire_pharmaceuticals,https://www.globenewswire.com/RssFeed/industry/4577-Pharmaceuticals/feedTitle/GlobeNewswire%20-%20Industry%20News%20on%20Pharmaceuticals
asco_jco,https://ascopubs.org/action/showFeed?type=etoc&feed=rss&jc=jco
ACS_app_bio_materials,http://feeds.feedburner.com/acs/aabmcb
ACS_biomaterials,http://feeds.feedburner.com/acs/abseba
ACS_chemical_biology,http://feeds.feedburner.com/acs/acbcct
ACS_chemical_neuorsci,http://feeds.feedburner.com/acs/acncdm
ACS_infectious_diseases,http://feeds.feedburner.com/acs/aidcbc
ACS_med_chem_ltrs,http://feeds.feedburner.com/acs/amclct
ACS_synth_bio,http://feeds.feedburner.com/acs/asbcd6
ACS_biochem,http://feeds.feedburner.com/acs/bichaw
ACS_biomacromolecules,http://feeds.feedburner.com/acs/bomaf6
ACS_pharmacology,http://feeds.feedburner.com/acs/aptsfn
ACS_toxicology,http://feeds.feedburner.com/acs/crtoec
ACS_medicinal_chem,http://feeds.feedburner.com/acs/crtoec
ACS_proteome,http://feeds.feedburner.com/acs/jprobs
ACS_molecular_pharmaceutics,http://feeds.feedburner.com/acs/mpohbp
cdc_cancer_news,https://tools.cdc.gov/api/v2/resources/media/316302.rss
cdc_cancer_research,https://tools.cdc.gov/api/v2/resources/media/316303.rss
dailymed_7_days,https://dailymed.nlm.nih.gov/dailymed/rss.cfm
healio_all_rss,https://www.healio.com/sws/feed/news/all
medicalexpress,https://medicalxpress.com/rss-feed/
science_daily_health,https://www.sciencedaily.com/rss/top/health.xml
karolinska_inst,https://news.ki.se/latest-news/rss.xml
PNAS,https://feeds.feedburner.com/pnas/SMZM
oncology_news,https://oncologypro.esmo.org/rss/feed/oncologypro-latest-news
GaBI,http://gabionline.net/rss/feed/general
JAMA_gen,https://jamanetwork.com/rss/site_3/67.xml
JAMA_cardiology,https://jamanetwork.com/rss/site_192/184.xml
JAMA_dermatology,https://jamanetwork.com/rss/site_12/68.xml
JAMA_internal_med,https://jamanetwork.com/rss/site_15/71.xml
JAMA_neurology,https://jamanetwork.com/rss/site_16/72.xml
JAMA_oncology,https://jamanetwork.com/rss/site_159/174.xml
JAMA_opthamology,https://jamanetwork.com/rss/site_17/73.xml
JAMA_otolaryngology,https://jamanetwork.com/rss/site_18/74.xml
JAMA_pediatrics,https://jamanetwork.com/rss/site_19/75.xml
JAMA_psychiatry,https://jamanetwork.com/rss/site_14/70.xml
JAMA_surgery,https://jamanetwork.com/rss/site_20/76.xml
macrogenics,http://ir.macrogenics.com/rss/news-releases.xml?items=15
dovepress,https://www.dovepress.com/feed_latest.php
arena_pharma,https://invest.arenapharm.com/rss/news-releases.xml
clovis_therapeutics,https://ir.clovisoncology.com/rss/pressrelease.aspx
bioline_rx,https://ir.biolinerx.com/rss/news-releases.xml
seagen,https://investor.seagen.com/rss/PressRelease.aspx
diabetes_journals_current,https://diabetes.diabetesjournals.org/rss/current.xml
diabetes_journals_perspectives,https://diabetes.diabetesjournals.org/rss/Perspectives_in_Diabetes.xml
diabetes_journals_tech_adv,https://diabetes.diabetesjournals.org/rss/Technological_Advances.xml
diabetes_journals_metabolism,https://diabetes.diabetesjournals.org/rss/Metabolism.xml
diabetes_journals_signal_transduction,https://diabetes.diabetesjournals.org/rss/Signal_Transduction.xml
diabetes_journals_obesity,https://diabetes.diabetesjournals.org/rss/Obesity_Studies.xml
diabetes_journals_islet_studies,https://diabetes.diabetesjournals.org/rss/Islet_Studies.xml
diabetes_journals_immunology_transplantation,https://diabetes.diabetesjournals.org/rss/Immunology_and_Transplantation.xml
diabetes_journals_pathophysiology,https://diabetes.diabetesjournals.org/rss/Pathophysiology.xml
diabetes_journals_complications,https://diabetes.diabetesjournals.org/rss/Complications.xml
diabetes_journals_pharmacology_and_therapeutics,https://diabetes.diabetesjournals.org/rss/Pharmacology_and_Therapeutics.xml
diabetes_journals_genetics,https://diabetes.diabetesjournals.org/rss/Genetics_Genomes_Proteomics_Metabolomics.xml
diabetes_care_current,https://care.diabetesjournals.org/rss/current.xml
diabetes_care_clin_care,https://care.diabetesjournals.org/rss/Clinical_Care_Education_Nutrition_Psychosocial_Research.xml
diabetes_care_epidemiology,https://care.diabetesjournals.org/rss/Epidemiology_Health_Services_Research.xml
diabetes_care_emrg_trmts_tech,https://care.diabetesjournals.org/rss/Emerging_Treatments_and_Technologies.xml
diabetes_care_patho_comp,https://care.diabetesjournals.org/rss/Pathophysiology_Complications.xml
diabetes_care_cardio_metabolic_risk,https://care.diabetesjournals.org/rss/Cardiovascular_and_Metabolic_Risk.xml
diabetes_clinical_curr_issue,https://clinical.diabetesjournals.org/rss/current.xml
diabetes_spectrum,https://spectrum.diabetesjournals.org/rss/current.xml
biopharmdive,https://www.biopharmadive.com/feeds/news/
qiagen_therapeutics,https://corporate.qiagen.com/RSS%20Feeds/News
entasistx,https://investors.entasistx.com/rss/news-releases.xml
genmab,https://ir.genmab.com/rss/news-releases.xml
tonixpharma,https://ir.tonixpharma.com/news/rss
fiveprime_thera,https://investor.fiveprime.com/rss/news-releases.xml?items=15
atara_bio,https://investors.atarabio.com/news-events/press-releases/rss
med_for_malaria_ventures,http://feeds.feedburner.com/mmv/TIwM
ironwood_pharma,https://investor.ironwoodpharma.com/rss/PressRelease.aspx?LanguageId=1&CategoryWorkflowId=1cb807d2-208f-4bc3-9133-6a9ad45ac3b0&tags=
tracon_pharma,https://ir.traconpharma.com/rss/news-releases.xml?items=15
xenon_pharma,https://investor.xenon-pharma.com/rss/news-releases.xml
tgen,https://www.tgen.org/news/rss/
sotio,https://sotio.com/news-publications/news
eloxx_therapeutics,https://investors.eloxxpharma.com/rss/news-releases.xml
nektar_therapeutics,https://ir.nektar.com/rss/news-releases.xml
spero_therapeutics,https://investors.sperotherapeutics.com/rss/news-releases.xml
lifespan_news,https://www.lifespan.io/feed/
aptose_therapeutics,https://www.aptose.com/news-media/press-releases/rss
beyond_air,https://www.beyondair.net/news-media/press-releases/rss
plus_therapeutics,http://ir.plustherapeutics.com/rss/pressrelease.aspx
eidos_therapeutics,https://ir.eidostx.com/rss/news-releases.xml
dicerna_therapeutics,https://investors.dicerna.com/rss/news-releases.xml?items=15
twist_biosciences,https://investors.twistbioscience.com/rss/news-releases.xml
dainippon_sumitomo_pharma,https://www.ds-pharma.com/rss/release.xml
iveric_therapeutics,https://investors.ivericbio.com/rss/news-releases.xml?items=15
omeros_therapeutics,https://investor.omeros.com/rss/news-releases.xml
merus_therapeutics,https://ir.merus.nl/rss/news-releases.xml?items=15
natera,https://www.natera.com/feeds/press-releases
immunogen,https://investor.immunogen.com/rss/news-releases.xml?items=15
fortress_biotech,https://www.fortressbiotech.com/investors/news-events/press-releases/rss
adapt_immune,https://www.adaptimmune.com/investors-and-media/news-events/press-releases/rss
c4xdiscovery,https://www.c4xdiscovery.com/news.html?format=feed
protalix_biotherapeutics,https://protalixbiotherapeutics.gcs-web.com/rss/news-releases.xml
innate_pharma,https://www.innate-pharma.com/en/rss.xml
surface_oncology,https://investors.surfaceoncology.com/rss/news-releases.xml
arcutis_biotherapeutics,https://investors.arcutis.com/rss/news-releases.xml
retrophin_travere,https://ir.travere.com/rss/news-releases.xml
vTv_therapeutics,http://ir.vtvtherapeutics.com/rss/news-releases.xml
moleculin_biotech,https://ir.moleculin.com/news/rss
regulus_therapeutics,http://ir.regulusrx.com/rss/news-releases.xml
aridis_therapeutics,https://investors.aridispharma.com/news-releases?pagetemplate=rss
pharmiweb,https://www.pharmiweb.com/rss/press-releases-7-days
tetra_biopharma,https://ir.tetrabiopharma.com/rss/PressRelease.aspx?LanguageId=1&CategoryWorkflowId=1cb807d2-208f-4bc3-9133-6a9ad45ac3b0&tags=
aileron_therapeutics,https://investors.aileronrx.com/rss/news-releases.xml
minerva_neurosciences,http://ir.minervaneurosciences.com/rss/news-releases.xml?items=15
hexima,https://hexima.com.au/feed/
galecto,https://ir.galecto.com/rss/news-releases.xml
vaccinex,https://ir.vaccinex.com/rss/news-releases.xml
emergent_biosolutions,https://investors.emergentbiosolutions.com/rss/news-releases.xml
BeiGene,https://beigeneltd.gcs-web.com/rss/news-releases.xml?loc=US
Forma_Therapeutics,https://ir.formatherapeutics.com/rss/news-releases.xml
Arvinas,https://ir.arvinas.com/rss/news-releases.xml
medicinova,https://investors.medicinova.com/rss/news-releases.xml?items=15
syndax,http://ir.syndax.com/rss/news-releases.xml?items=15
adial_pharma,https://ir.adialpharma.com/news/rss
advaxis_immuno,https://www.advaxis.com/rss/news-releases.xml
aeglea_bio,https://ir.aegleabio.com/rss/news-releases.xml?items=15
agile_therapeutics,https://ir.agiletherapeutics.com/rss/news-releases.xml
agios,https://investor.agios.com/rss/news-releases.xml
albireo_pharma,http://ir.albireopharma.com/rss/news-releases.xml?items=15
arbutus_bio,https://investor.arbutusbio.com/rss/news-releases.xml
soligenix,http://ir.soligenix.com/news-releases?pagetemplate=rss
oncorus,https://investors.oncorus.com/rss/news-releases.xml
teva_pharma,https://ir.tevapharm.com/rss/pressrelease.aspx
atreca,https://atreca.gcs-web.com/rss/news-releases.xml
axosome_therapeutics,https://axsometherapeuticsinc.gcs-web.com/rss/news-releases.xml
novan,http://investors.novan.com/rss/news-releases.xml
aTyr_pharma,https://investors.atyrpharma.com/rss/news-releases.xml
Nkarta,https://ir.nkartatx.com/rss/news-releases.xml
biosimilars_ip_news,https://www.biosimilarsip.com/category/news/feed/
mersana_therapeutics,https://ir.mersana.com/rss/news-releases.xml
myokardia_BMS,http://investors.myokardia.com/rss/news-releases.xml
seres_therapeutics,https://ir.serestherapeutics.com/rss/news-releases.xml
cerecor,https://ir.cerecor.com/news/rss
akce_therapeutics,https://ir.akceatx.com/press-releases?pagetemplate=rss
IMV_inc,https://www.imv-inc.com/news-events/press-releases/rss
calithera_biosciences,https://ir.calithera.com/rss/news-releases.xml
cyclacel_pharmaceuticals,https://investor.cyclacel.com/rss/news-releases.xml
calidi_bio,https://calidibio.com/feed/
bio_cyrst,https://ir.biocryst.com/rss/news-releases.xml
poseida_therapeutics,https://investors.poseida.com/rss/news-releases.xml
ribomic_jp,http://v4.eir-parts.net/V4Public/EIR/4591/en/announcement/announcement_15.xml
abeona_therapeutics,https://investors.abeonatherapeutics.com/news/rss
avidity_biosciences,https://aviditybiosciences.investorroom.com/news-releases?pagetemplate=rss
CTI_Biopharma,https://cbc.gcs-web.com/rss/news-releases.xml
athersys,https://www.athersys.com/rss/PressRelease.aspx?LanguageId=1&CategoryWorkflowId=1cb807d2-208f-4bc3-9133-6a9ad45ac3b0
auris_medical,https://ir.aurismedical.com/rss/news-releases.xml
biodelivery_sciences,https://ir.bdsi.com/rss/news-releases.xml
biomarin,https://investors.biomarin.com/press-releases?pagetemplate=rss
bionomics,https://www.bionomics.com.au/asx-rss
catabasis,https://ir.catabasis.com/rss/news-releases.xml
cellectis,https://www.cellectis.com/en/rss/
chimerix,https://ir.chimerix.com/rss/news-releases.xml
harpoontx,https://ir.harpoontx.com/rss/news-releases.xml
alpineimmunesciences,https://ir.alpineimmunesciences.com/rss/news-releases.xml
silverbacktx,https://ir.silverbacktx.com/rss/news-releases.xml
cardaxpharma,https://ir.cardaxpharma.com/news/rss
rapt,https://investors.rapt.com/rss/news-releases.xml
intracellulartherapies,https://ir.intracellulartherapies.com/rss/news-releases.xml
revmed,https://ir.revmed.com/rss/news-releases.xml
regeneron,https://newsroom.regeneron.com/rss/news-releases.xml?items=15
takara-bio,https://ir.takara-bio.co.jp/contentFeeds/content/news/en/news_all/news_Release
monopartx,https://ir.monopartx.com/news/rss
axovant,http://investors.axovant.com/rss/news-releases.xml
lungtx,https://www.lungtx.com/news-media/press-releases/rss
otsuka,https://www.otsuka.co.jp/en/company/newsreleases/release.xml
milestonepharma,https://investors.milestonepharma.com/rss/news-releases.xml
scpharmaceuticals,https://scpharmaceuticalsinc.gcs-web.com/rss/news-releases.xml
cabalettabio,https://investors.cabalettabio.com/rss/news-releases.xml
adialpharma,https://ir.adialpharma.com/news/rss
89bio,https://ir.89bio.com/rss/news-releases.xml
retrophin,https://ir.travere.com/rss/news-releases.xml
graybug,https://investors.graybug.vision/news-events/press-releases
bicycletherapeutics,https://investors.bicycletherapeutics.com/rss/news-releases.xml
contrafect,https://ir.contrafect.com/news/rss
shattucklabs,https://ir.shattucklabs.com/rss/news-releases.xml
akouos,https://investors.akouos.com/rss/news-releases.xml
springworkstx,https://ir.springworkstx.com/rss/news-releases.xml
precisionbiosciences,https://investor.precisionbiosciences.com/rss/news-releases.xml
verrica,https://verrica.com/feed/?post_type=press_release
baudaxbio,https://www.baudaxbio.com/news-and-investors/press-releases/rss
vir,https://investors.vir.bio/rss/news-releases.xml
replimune,https://ir.replimune.com/rss/news-releases.xml
chugai-pharm,https://www.chugai-pharm.co.jp/rss/news_releases_en.php
soleno,https://investors.soleno.life/rss/news-releases.xml
sppirx,https://investor.sppirx.com/rss/news-releases.xml
curis,http://investors.curis.com/press-releases?pagetemplate=rss
dravetfoundation,https://www.dravetfoundation.org/feed/
clovisoncology,https://ir.clovisoncology.com/rss/pressrelease.aspx
conatuspharma,https://investors.histogen.com/rss/news-releases.xml
corvuspharma,https://corvuspharma.gcs-web.com/rss/news-releases.xml
delcath,https://delcathsystemsinc.gcs-web.com/rss/news-releases.xml?items=15
eigerbio,https://ir.eigerbio.com/rss/news-releases.xml?items=15
g1therapeutics,http://investor.g1therapeutics.com/rss/news-releases.xml
galecto,https://ir.galecto.com/rss/news-releases.xml
galeratx,https://investors.galeratx.com/rss/news-releases.xml
gamida-cell,https://investors.gamida-cell.com/rss/news-releases.xml
jdsupra_pharma_patents,https://www.jdsupra.com/topics/pharmaceutical-patents_rss/
jdsupra_gen_pharma_industry,https://www.jdsupra.com/topics/pharmaceutical-industry_rss/ 
sandoz,https://www.sandoz.com/rss/feeds/news/media-releases.xml
cerevel,https://investors.cerevel.com/rss/news-releases.xml
trilliumtherapeutics,https://ir.trilliumtherapeutics.com/rss/PressRelease.aspx?LanguageId=1&CategoryWorkflowId=1cb807d2-208f-4bc3-9133-6a9ad45ac3b0&tags=
olema,https://ir.olema.com/rss/news-releases.xml
surfaceoncology,https://investors.surfaceoncology.com/rss/news-releases.xml
kidneynews,https://www.kidneynews.org/rss.php
karyopharm,https://investors.karyopharm.com/press-releases?pagetemplate=rss
torii,https://www.torii.co.jp/en/rss/rss.xml
rxipharma,http://investors.rxipharma.com/rss/news-releases.xml
pandiontx,https://investors.pandiontx.com/rss/news-releases.xml
oncosec,https://ir.oncosec.com/press-releases/rss
minervaneurosciences,http://ir.minervaneurosciences.com/rss/news-releases.xml?items=15
ngmbio,https://ir.ngmbio.com/rss/news-releases.xml
novantherapeutics,https://novan.gcs-web.com/rss/news-releases.xml
onconova,https://investor.onconova.com/rss/news-releases.xml
opko,https://www.opko.com/news-media/press-releases/rss
oticpharma,http://ir.novustherapeutics.com/rss/news-releases.xml
ovidrx,https://investors.ovidrx.com/rss/news-releases.xml
galmedpharma,https://galmedpharma.investorroom.com/news?pagetemplate=rss
mtem_pharma,https://www.mtem.com/news-media/press-releases/rss
intelliatx_pharma,https://ir.intelliatx.com/rss/news-releases.xml
pacira,https://investor.pacira.com/rss/news-releases.xml
paintrials,https://www.cassavasciences.com/rss/news-releases.xml
phasebio,https://investors.phasebio.com/rss/news-releases.xml
pliantrx,https://ir.pliantrx.com/rss/news-releases.xml
portola,https://investors.portola.com/news-releases?pagetemplate=rss
pumabiotechnology,https://investor.pumabiotechnology.com/rss/pressrelease.aspx
reprosrx,https://news.abbvie.com/rss.cfm?section_id=16
rigel,https://ir.rigel.com/news-events/press-releases/rss
sarepta,https://investorrelations.sarepta.com/rss/news-releases.xml
gamida-cell,https://investors.gamida-cell.com/rss/news-releases.xml
sorrentotherapeutics,https://investors.sorrentotherapeutics.com/rss/news-releases.xml
pharmaphorum,https://pharmaphorum.com/feed/
catalystbiosciences,https://ir.catalystbiosciences.com/rss/news-releases.xml
amarantus,https://ir.amarantus.com/rss
canfite,https://ir.canfite.com/rss
genmab,https://ir.genmab.com/rss/news-releases.xml
biomx,https://ir.biomx.com/news-events/press-releases/rss
replimune,https://ir.replimune.com/rss/news-releases.xml
dicerna,https://investors.dicerna.com/rss/news-releases.xml?items=15
onconova,https://investor.onconova.com/rss/news-releases.xml
intracellulartherapies,https://ir.intracellulartherapies.com/rss/news-releases.xml
atyrpharma,https://investors.atyrpharma.com/rss/news-releases.xml
alpineimmunesciences,https://ir.alpineimmunesciences.com/rss/news-releases.xml
fate_therapeutics,https://ir.fatetherapeutics.com/rss/news-releases.xml
bloomberglaw_health,https://news.bloomberglaw.com/rss/health-law-and-business
adialpharma,https://ir.adialpharma.com/news/rss
akaritx,http://investor.akaritx.com/rss/news-releases.xml
x4pharma,http://investors.x4pharma.com/rss/news-releases.xml
zosanopharma,https://ir.zosanopharma.com/rss/news-releases.xml
emory,https://news.emory.edu/tags/topic/health_sciences_research/index.xml
springworkstx,https://ir.springworkstx.com/rss/news-releases.xml
trevena,https://www.trevena.com/investors/press-releases/rss
celldex,https://ir.celldex.com/rss/news-releases.xml
vielabio,https://ir.vielabio.com/rss/news-releases.xml
ziopharm,https://ir.ziopharm.com/rss/news-releases.xml
aileronrx,https://investors.aileronrx.com/rss/news-releases.xml
syndax,http://ir.syndax.com/rss/news-releases.xml?items=15
bioxceltherapeutics,https://ir.bioxceltherapeutics.com/news/rss
oncternal,https://investor.oncternal.com/rss/news-releases.xml
fasebj,https://faseb.onlinelibrary.wiley.com/feed/15306860/most-recent
moleculin,https://ir.moleculin.com/rss
cyclotherapeutics,https://ir.stockpr.com/cyclotherapeutics/company-news/rss
gcs-web,https://atreca.gcs-web.com/rss/news-releases.xml
relmada,https://www.relmada.com/investors/news-and-events/press-releases/rss
vtvtherapeutics,https://ir.vtvtherapeutics.com/rss/news-releases.xml
recropharma,https://ir.recropharma.com/press-releases/rss
g1therapeutics,http://investor.g1therapeutics.com/rss/news-releases.xml
sorrentotherapeutics,https://investors.sorrentotherapeutics.com/rss/news-releases.xml
opko,https://www.opko.com/news-media/press-releases/rss
contrafect,https://ir.contrafect.com/news/rss
sol-gel,https://ir.sol-gel.com/rss/news-releases.xml
soligenix,http://ir.soligenix.com/news-releases?pagetemplate=rss
sunesis,https://ir.sunesis.com/rss/news-releases.xml?items=15
syros,https://ir.syros.com/news/rss
takara-bio,https://ir.takara-bio.co.jp/contentFeeds/content/news/en/news_all/news_Release
therapeuticsmd,https://ir.therapeuticsmd.com/rss/news-releases.xml
theratech,https://www.theratech.com/feed/
theravance,https://investor.theravance.com/rss/news-releases.xml
tokaipharmaceuticals,https://ir.eledon.com/rss/news-releases.xml
trevitherapeutics,https://ir.trevitherapeutics.com/rss/news-releases.xml
urogen,https://investors.urogen.com/rss/news-releases.xml
vivus,https://ir.vivus.com/rss/news-releases.xml
genfit,https://ir.genfit.com/rss/news-releases.xml
algernonpharmaceuticals,https://rss.globenewswire.com/RssFeed/organization/lAI-ODHiYdHOj-CcduW3mw==/content/fulltext/attachments/all/language/en
cumberlandpharma,https://investor.cumberlandpharma.com/rss/news-releases.xml
outlooktherapeutics,https://ir.outlooktherapeutics.com/rss/news-releases.xml
fortyseveninc,https://ir.fortyseveninc.com/rss/news-releases.xml
allogene,https://ir.allogene.com/rss/news-releases.xml
acastipharma,https://www.acastipharma.com/en/investors/news-events/press-releases/rss
revmed,https://ir.revmed.com/rss/news-releases.xml
moleculin,https://ir.moleculin.com/news/rss
scworx,https://ir.scworx.com/news/rss
qualigeninc,https://ir.qualigeninc.com/news-events/press-releases/rss
gracellbio,https://ir.gracellbio.com/rss/news-releases.xml
neurobopharma,https://www.neurobopharma.com/rss/news-releases.xml
inhibikase,https://www.inhibikase.com/news/press-releases/rss
alexion,https://ir.alexion.com/rss/news-releases.xml
passagebio,https://investors.passagebio.com/rss/news-releases.xml
oricpharma,https://investors.oricpharma.com/rss/news-releases.xml
acsh,https://www.acsh.org/feed
anixa,https://ir.anixa.com/news/rss
inmedpharma,https://investors.inmedpharma.com/news-releases?pagetemplate=rss
nurixtx,https://ir.nurixtx.com/rss/news-releases.xml
preludetx,https://investors.preludetx.com/rss/news-releases.xml
aveooncology,https://investor.aveooncology.com/rss/news-releases.xml
chinabiotoday,http://www.chinabiotoday.com/feed.rdf
melinta,https://ir.melinta.com/rss/news-releases.xml
progenics,https://investor.lantheus.com/press-releases
labcorp,https://ir.labcorp.com/rss/news-releases.xml
vumc,https://news.vumc.org/feed/
morphictx,https://investor.morphictx.com/rss/news-releases.xml
sareum,http://www.sareum.com/tools/blocks/page_list/rss?bID=1540&cID=1&arHandle=RNS
amneal,https://investors.amneal.com/rss/PressRelease.aspx?LanguageId=1&CategoryWorkflowId=1cb807d2-208f-4bc3-9133-6a9ad45ac3b0&tags=
soliton,https://ir.soliton.com/rss
tayshagtx,https://ir.tayshagtx.com/rss/news-releases.xml
ymabs,https://ir.ymabs.com/rss/news-releases.xml
beamtx,https://investors.beamtx.com/rss/news-releases.xml
dyne-tx,https://investors.dyne-tx.com/rss/news-releases.xml
thailandmedical,https://www.thailandmedical.news/atom_feed/10
optopharma,https://optopharma.com/feed/
aacrjournals,https://cancerdiscovery.aacrjournals.org/rss/current.xml
secondgenome,https://www.secondgenome.com/news.rss
newswire,https://www.prnewswire.com/rss/health-latest-news/health-latest-news-list.rss
globalnews,https://globalnews.ca/health/feed/
cnsnews,https://www.cnsnews.com/feed/blog
bmj,https://jitc.bmj.com/rss/current.xml
rubiustx,https://ir.rubiustx.com/rss/news-releases.xml
carcinoid,https://www.carcinoid.org/feed/
cytomx,https://ir.cytomx.com/rss/news-releases.xml
pharmaceutical-journal,https://www.pharmaceutical-journal.com/XmlServers/navsectionRSS.aspx?navsectioncode=10398
sciencemag,https://www.sciencemag.org/rss/news_current.xml
bio-medicine,http://www.bio-medicine.org/inc/biomed/medicine-news.asp
pharmatimes_3,http://www.pharmatimes.com/rss/news_rss.rss
lyratherapeutics,https://investors.lyratherapeutics.com/rss/news-releases.xml
integrateddiabetes,https://integrateddiabetes.com/feed/
uniprot,https://www.uniprot.org/news/?format=rss&sort=created
rockwellmed,https://ir.rockwellmed.com/rss/news-releases.xml
fibrogen,https://fibrogen.gcs-web.com/rss/news-releases.xml
questdiagnostics,https://newsroom.questdiagnostics.com/press-releases?pagetemplate=rss
horizontherapeutics,https://ir.horizontherapeutics.com/rss/news-releases.xml
glycomimetics,https://ir.glycomimetics.com/rss/news-releases.xml?items=15
matinasbiopharma,https://www.matinasbiopharma.com/investors/news-events/press-releases/rss
trendlines,https://investors.kiniksa.com/rss/news-releases.xml
cnspharma,https://ir.cnspharma.com/news-events/press-releases/rss
informa_1,https://feeds.feedblitz.com/genericsbulletin
thalassaemia,https://thalassaemia.org.cy/feed/
pennmedicine,https://www.pennmedicine.org/news/news-releases/rss-feed
voyagertherapeutics,https://ir.voyagertherapeutics.com/rss/news-releases.xml
tarsusrx_0,https://ir.tarsusrx.com/rss/news-releases.xml
herantis_0,https://news.cision.com/herantis-pharma-oyj/ListItems?format=rss
opiant_0,https://ir.opiant.com/rss/news-releases.xml
hepavac_0,http://www.hepavac.eu/feed/
kezarlifesciences,https://www.kezarlifesciences.com/investors/news-events/press-releases/rss
evelobio,https://ir.evelobio.com/rss/news-releases.xml
dermatologytimes,https://www.dermatologytimes.com/rss
kalvista,https://ir.kalvista.com/rss/news-releases.xml
flexiontherapeutics,https://ir.flexiontherapeutics.com/rss/news-releases.xml?items=15
ascendispharma,https://investors.ascendispharma.com/rss/news-releases.xml
pharmabiz_1,http://pharmabiz.com/Includes/xmlInclude/Pharmabizrss.xml
pharmaceuticalcommerce_3,https://www.pharmaceuticalcommerce.com/rss
purple-biotech,https://www.rss-view.com/rss/newsrss.asp?B=2492&L=1&G=1504
gbt,https://ir.gbt.com/rss/news-releases.xml
genomeweb,https://www.genomeweb.com/channel/all/rss
aska-pharma,https://www.aska-pharma.co.jp/english/news/rss.php
contractpharma,https://www.contractpharma.com/feedcreator/rss/2616/7
contractpharma_1,https://www.contractpharma.com/feedcreator/rss/2657/7
contractpharma_2,https://www.contractpharma.com/feedcreator/rss/2600/7
contractpharma_3,https://www.contractpharma.com/feedcreator/rss/2598/7
contractpharma_4,https://www.contractpharma.com/feedcreator/rss/2760/7
contractpharma_5,https://www.contractpharma.com/feedcreator/rss/2608/7
contractpharma_6,https://www.contractpharma.com/feedcreator/rss/2656/7
contractpharma_7,https://www.contractpharma.com/feedcreator/rss/2491/7
cardiffoncology,https://cardiffoncology.investorroom.com/press-releases?pagetemplate=rss
intervexion,http://intervexion.com/feed/
thno,https://www.thno.org/rss/current.xml
hemophilia,https://www.hemophilia.org/rss.xml
sonnetbio,https://www.sonnetbio.com/news-media/press-releases/rss
ocutx,https://ocutx.gcs-web.com/rss/news-releases.xml
coherus,https://investors.coherus.com/rss/news-releases.xml
lantheus_1,https://investor.lantheus.com/rss/news-releases.xml
yale,https://news.yale.edu/topics/health-medicine/rss
deciphera,https://investors.deciphera.com/rss/news-releases.xml
foghorntx,https://ir.foghorntx.com/rss/news-releases.xml
exelixis,https://ir.exelixis.com/rss/news-releases.xml
translate,https://investors.translate.bio/rss/news-releases.xml
pharmather,https://www.pharmather.com/2/feed
jcancer,https://jcancer.org/rss/current.xml
sanofi,http://www.news.sanofi.us/press-releases?pagetemplate=rss
medicenna,https://ir.medicenna.com/rss/news-releases.xml
tcr2,https://investors.tcr2.com/rss/news-releases.xml
unither,https://ir.unither.com/rss/pressrelease.aspx
180lifesciences,https://ir.180lifesciences.com/news-events/press-releases/rss
mesoblast,http://investorsmedia.mesoblast.com/rss/news-releases.xml
insmed,https://investor.insmed.com/releases?pagetemplate=rss
bms,https://news.bms.com/rss/pressrelease.aspx
appliedtherapeutics,https://ir.appliedtherapeutics.com/rss/news-releases.xml
medicalletter,http://secure.medicalletter.org/rss/current.xml
axcellahealth,https://ir.axcellahealth.com/rss/news-releases.xml
eyenovia,https://ir.eyenovia.com/rss/news-releases.xml
relmada_1,https://www.relmada.com/investors/news/press-releases/rss
gritstoneoncology,https://ir.gritstoneoncology.com/rss/news-releases.xml
northwestern,https://news.feinberg.northwestern.edu/feed/
finchtherapeutics,https://ir.finchtherapeutics.com/rss/news-releases.xml
athenex,https://ir.athenex.com/rss/news-releases.xml
kff_33,http://feeds.feedburner.com/kff/latest
khn,https://khn.org/feed/
medcitynews,https://medcitynews.com/feed/
biomedcentral,https://translationalneurodegeneration.biomedcentral.com/articles/most-recent/rss.xml
shokubai,https://www.shokubai.co.jp/en/rss.xml
aspetjournals,https://pharmrev.aspetjournals.org/rss/current.xml
endo,https://investor.endo.com/rss/news-releases.xml
koreabiomed,http://www.koreabiomed.com/rss/allArticle.xml
supernus,https://ir.supernus.com/rss/news-releases.xml
beigene,https://ir.beigene.com/rss/news-releases.xml?loc=us
f-star,https://investors.f-star.com/rss/news-releases.xml
teijin,https://www.teijin.com/ir/rss.xml
canfite_1,https://ir.canfite.com/news-events/press-releases/rss
nevro,https://www.nevro.com/rss/pressrelease.aspx
inarimedical,https://ir.inarimedical.com/rss/news-releases.xml
cytodyn,https://www.cytodyn.com/newsroom/press-releases/rss
quidel,https://ir.quidel.com/rss/PressRelease.aspx?LanguageId=1&CategoryWorkflowId=1cb807d2-208f-4bc3-9133-6a9ad45ac3b0&tags=
scholarrock,https://investors.scholarrock.com/rss/news-releases.xml
otonomy,https://investors.otonomy.com/rss/news-releases.xml
fibrogen,https://investor.fibrogen.com/rss/news-releases.xml
unitedhealthgroup,https://www.unitedhealthgroup.com/newsroom/uhgall-rss.rss.xml
genocea,https://ir.genocea.com/rss/news-releases.xml?items=15
i-mabbiopharma,https://ir.i-mabbiopharma.com/rss/news-releases.xml
synlogictx,https://investor.synlogictx.com/rss/news-releases.xml
celsion,https://investor.celsion.com/rss/news-releases.xml
gtbiopharma,https://ir.gtbiopharma.com/news/rss
auriniapharma,https://ir.auriniapharma.com/news/rss
gate2brain,https://www.biocat.cat/en/noticies/rss
artelobio,https://ir.artelobio.com/news-events/press-releases/rss
mirumpharma,https://ir.mirumpharma.com/rss/news-releases.xml
reparerx,https://ir.reparerx.com/rss/news-releases.xml
oncolyticsbiotech,https://ir.oncolyticsbiotech.com/news/rss
sana,https://ir.sana.com/rss/news-releases.xml
mediaroom,https://thermofisher.mediaroom.com/press-releases?pagetemplate=rss
instilbio,https://ir.instilbio.com/rss/news-releases.xml
puretechhealth,https://news.puretechhealth.com/rss/news-releases.xml
xoma,https://investors.xoma.com/news-events/press-releases/rss
evotec,https://www.evotec.com/content/newsFeed
bio-techne,https://investors.bio-techne.com/news/rss
rocketpharma,https://ir.rocketpharma.com/rss/news-releases.xml
sabbiotherapeutics,https://www.sabbiotherapeutics.com/feed/
ideayabio,https://media.ideayabio.com/news-releases?pagetemplate=rss
adverum,https://investors.adverum.com/rss/news-releases.xml
radiuspharm,https://ir.radiuspharm.com/rss/news-releases.xml?items=15
psychiatrictimes,https://www.psychiatrictimes.com/rss
greenwichlifesciences,https://investor.greenwichlifesciences.com/news-events/press-releases/rss
gcs-web,https://biontechse.gcs-web.com/rss/news-releases.xml
meiragtx,https://investors.meiragtx.com/rss/news-releases.xml
thelifesciencesreport_34,http://feeds.feedburner.com/thelifesciencesreport/rejU?format=xml
avantorsciences,https://ir.avantorsciences.com/rss/pressrelease.aspx
geron,https://ir.geron.com/rss/pressrelease.aspx
lipocine,https://ir.lipocine.com/press-releases?pagetemplate=rss
phys,https://phys.org/rss-feed/biology-news/
genethon,https://www.genethon.fr/en/category/press-releases/feed/
kyorin-pharm,https://www.kyorin-pharm.co.jp/en/feed/news.xml
kaleido,https://investors.kaleido.com/rss/news-releases.xml
scynexis,https://ir.scynexis.com/news/rss
4p-pharma,http://4p-pharma.com/feed/
perkinelmer,https://ir.perkinelmer.com/rss/news-releases.xml?items=15
skyebioscience,https://ir.skyebioscience.com/news-events/press-releases/rss
the-rheumatologist,https://www.the-rheumatologist.org/feed/
biolase,https://ir.biolase.com/news-events/press-releases/rss
ramed,https://ir.ramed.com/news/rss
baxter,https://investor.baxter.com/rss/pressrelease.aspx
glaukos,http://investors.glaukos.com/rss/pressrelease.aspx
perrigo,https://investor.perrigo.com/press-releases?pagetemplate=rss
codiagnostics,https://news.codiagnostics.com/press-releases?pagetemplate=rss
alxoncology,https://ir.alxoncology.com/rss/news-releases.xml
conformis,http://ir.conformis.com/rss/news-releases.xml
livanova,https://investor.livanova.com/rss/news-releases.xml
xbiotech,https://investors.xbiotech.com/rss/news-releases.xml
magentatx,https://investor.magentatx.com/rss/news-releases.xml
nih,https://ott.nih.gov/news/feed
bostonscientific,https://news.bostonscientific.com/news-releases?pagetemplate=rss
fusionpharma,https://ir.fusionpharma.com/news-releases?pagetemplate=rss
jushico,https://ir.jushico.com/news-events/press-releases/rss
allakos,https://investor.allakos.com/rss/news-releases.xml
mannkindcorp,https://investors.mannkindcorp.com/rss/news-releases.xml
investorroom,https://windtreetx.investorroom.com/press_releases?pagetemplate=rss
acnr,https://acnr.co.uk/feed/
evolus,https://investors.evolus.com/rss/news-releases.xml
tgtherapeutics,https://ir.tgtherapeutics.com/rss/news-releases.xml?items=15
neubasetherapeutics,https://ir.neubasetherapeutics.com/news-events/press-releases/rss
cyclerion,https://ir.cyclerion.com/rss/news-releases.xml
bluebirdbio,https://investor.bluebirdbio.com/rss/news-releases.xml
ayalapharma,https://ir.ayalapharma.com/rss/news-releases.xml
gwpharm,https://ir.gwpharm.com/rss/news-releases.xml?items=15
admabiologics,https://www.admabiologics.com/investors/press-releases/rss
goodrx,https://investors.goodrx.com/rss/news-releases.xml
brainstorm-cell,https://ir.brainstorm-cell.com/press-releases?pagetemplate=rss
eagleus,https://investor.eagleus.com/rss/pressrelease.aspx
karunatx,https://investors.karunatx.com/rss/news-releases.xml
acorda,https://ir.acorda.com/rss/PressRelease.aspx?LanguageId=1&CategoryWorkflowId=1cb807d2-208f-4bc3-9133-6a9ad45ac3b0
orchard-tx,https://ir.orchard-tx.com/rss/news-releases.xml
connectbiopharm,https://investors.connectbiopharm.com/rss/news-releases.xml
cogentbio,https://investors.cogentbio.com/rss/news-releases.xml
unitybiotechnology,https://ir.unitybiotechnology.com/rss/news-releases.xml
otsuka,https://www.otsuka.com/en/hd_release/rss.php?company_id=1
strongbridgebio,https://investors.strongbridgebio.com/rss/news-releases.xml
onemedical,https://investor.onemedical.com/rss/news-releases.xml
atreca,https://ir.atreca.com/rss/news-releases.xml
vblrx,http://ir.vblrx.com/rss/news-releases.xml?items=15
avadel,https://investors.avadel.com/rss/news-releases.xml
cidara,http://ir.cidara.com/rss/news-releases.xml
acutusmedical,https://ir.acutusmedical.com/rss/news-releases.xml
c4therapeutics,https://ir.c4therapeutics.com/rss/news-releases.xml
ptcbio,https://ir.ptcbio.com/rss/news-releases.xml?items=15
amerisourcebergen,https://investor.amerisourcebergen.com/rss/PressRelease.aspx?LanguageId=1&CategoryWorkflowId=1cb807d2-208f-4bc3-9133-6a9ad45ac3b0&tags=
secondsight,http://investors.secondsight.com/rss/news-releases.xml
larimartx,https://investors.larimartx.com/rss/news-releases.xml?items=15
catalystpharma,https://ir.catalystpharma.com/rss/news-releases.xml
navidea,https://ir.navidea.com/news/rss
interceptpharma,https://ir.interceptpharma.com/rss/news-releases.xml
aligos,https://investor.aligos.com/rss/news-releases.xml
sapiencetherapeutics,https://www.sapiencetherapeutics.com/news-events/press-releases/rss
diamedica,https://www.diamedica.com/investors/press-releases/rss
ibioinc,https://ir.ibioinc.com/news-events/press-releases/rss
fortressbiotech_1,https://www.fortressbiotech.com/news-media/press-releases/rss
liquidia,https://investors.liquidia.com/rss/news-releases.xml
